"","PSAVERT","cpi","unrate","dff","SP500","BAMLCC0A0CMTRIV","SOFR","gdp_change","pconsum_change","psave_change","SP500_return","Bond_return","SP500_Prev_Month_Return","Bond_Prev_Month_Return"
"July",5.39390268798209,2.37708235114492,4.22845520079842,5.22949255145764,5353.53536385938,3242.98902117363,5.22151397560927,0.00440134612115367,0.00467876427907936,0.0292594294680259,0.00217884410686639,0.000212563874890686,0.00122689825875988,0.00129092890299165
"August",5.07554228047811,2.8357924015259,4.30944945675536,5.22949255145764,5505.33113653535,3230.52548690657,5.30168558083842,0.00439154866881618,0.00518068332908555,0.0342965574587836,0.000946462983338714,0.00107903321813878,0.00422085682303682,0.00199554536140464
"September",4.89583190786059,2.62918169551245,4.29867513311615,5.22949255145764,5499.84169694651,3301.42559854174,5.25632004097473,0.00432034323562245,0.00459183188242737,0.0294306834948631,-0.00282255887046685,0.000336225597604691,0.00833451602506018,0.000656266045946109
